Symbol,Series,Exdate,CorporateActions,PreOpenPrice,NetChg,PctChg,PrevClose,TradedQty,TradedValue(in lakhs),FFMarketCapital,YearlyHigh,YearlyLow,SummaryValue,SummaryQty,FinalQty,SummaryFinalQty
MINDTREE,EQ,-,-,996.00,-13.70,-1.36,1009.70,691,6.88,-,-,-,3012.96,581341,691,1346398
SAIL,EQ,16-Aug-2018, ANNUAL GENERAL MEETING,62.70,-0.85,-1.34,63.55,21262,13.33,-,-,-,3012.96,581341,21262,1346398
GODREJIND,EQ,02-Aug-2018, DIVIDEND- RS 1.75 PER SHARE,446.35,-5.25,-1.16,451.60,459,2.05,-,-,-,3012.96,581341,459,1346398
DISHTV,EQ,21-Sep-2018, ANNUAL GENERAL MEETING,53.55,-0.55,-1.02,54.10,1604,0.86,-,-,-,3012.96,581341,1604,1346398
JETAIRWAYS,EQ,01-Aug-2018, ANNUAL GENERAL MEETING,186.80,11.05,6.29,175.75,30456,56.89,-,-,-,3012.96,581341,30456,1346398
NATIONALUM,EQ,23-Aug-2018, ANNUAL GENERAL MEETING/DIVIDEND- RE 1 PER SHARE,65.00,3.80,6.21,61.20,170276,110.68,-,-,-,3012.96,581341,170276,1346398
INDIGO,EQ,02-Aug-2018, ANNUAL GENERAL MEETING/DIVIDEND- RS 6 PER SHARE,764.95,40.50,5.59,724.45,9761,74.67,-,-,-,3012.96,581341,9761,1346398
DHFL,EQ,-,-,256.00,10.95,4.47,245.05,88195,225.78,-,-,-,3012.96,581341,88195,1346398
TVSMOTOR,EQ,-,-,510.00,15.30,3.09,494.70,6687,34.10,-,-,-,3012.96,581341,6687,1346398
INFIBEAM,EQ,19-Sep-2018, ANNUAL GENERAL MEETING/DIVIDEND RE 0.10 PER SHARE,59.85,1.25,2.13,58.60,18253,10.92,-,-,-,3012.96,581341,18253,1346398
YESBANK,EQ,-,-,229.00,4.35,1.94,224.65,56087,128.44,-,-,-,3012.96,581341,56087,1346398
IBULHSGFIN,EQ,12-Sep-2018, ANNUAL GENERAL MEETING,964.40,18.10,1.91,946.30,8432,81.32,-,-,-,3012.96,581341,8432,1346398
BAJFINANCE,EQ,-,-,2100.00,39.15,1.90,2060.85,4818,101.18,-,-,-,3012.96,581341,4818,1346398
MFSL,EQ,17-Sep-2018, ANNUAL GENERAL MEETING,380.00,6.80,1.82,373.20,100,0.38,-,-,-,3012.96,581341,100,1346398
SREINFRA,EQ,-,-,32.95,0.55,1.70,32.40,6002,1.98,-,-,-,3012.96,581341,6002,1346398
NBCC,EQ,06-Sep-2018, ANNUAL GENERAL MEETING/DIVIDEND RE 0.56 PER SHARE,53.50,0.80,1.52,52.70,9030,4.83,-,-,-,3012.96,581341,9030,1346398
PEL,EQ,19-Jul-2018, DIVIDEND- RS 25 PER SHARE,2195.55,31.30,1.45,2164.25,1191,26.15,-,-,-,3012.96,581341,1191,1346398
BEL,EQ,20-Aug-2018, ANNUAL GENERAL MEETING/DIVIDEND- RE 0.40 PER SHARE,77.00,1.10,1.45,75.90,10174,7.83,-,-,-,3012.96,581341,10174,1346398
L&TFH,EQ,20-Aug-2018, ANNUAL GENERAL MEETING/DIVIDEND- RE 1 PER SHARE,125.50,1.70,1.37,123.80,20776,26.07,-,-,-,3012.96,581341,20776,1346398
RCOM,EQ,12-Sep-2018, ANNUAL GENERAL MEETING,11.20,0.15,1.36,11.05,48955,5.48,-,-,-,3012.96,581341,48955,1346398
HCC,EQ,-,-,11.40,0.15,1.33,11.25,5517,0.63,-,-,-,3012.96,581341,5517,1346398
AJANTPHARM,EQ,-,-,1019.00,13.20,1.31,1005.80,266,2.71,-,-,-,3012.96,581341,266,1346398
MOTHERSUMI,EQ,08-Aug-2018, ANNUAL GENERAL MEETING/DIVIDEND- RS 2.25 PER SHARE,238.35,3.00,1.27,235.35,1779,4.24,-,-,-,3012.96,581341,1779,1346398
NCC,EQ,30-Jul-2018, DIVIDEND- RE 1 PER SHARE,70.60,0.85,1.22,69.75,3204,2.26,-,-,-,3012.96,581341,3204,1346398
EICHERMOT,EQ,02-Aug-2018, ANNUAL GENERAL MEETING / DIVIDEND- RS 110 PER SHARE,21327.30,241.60,1.15,21085.70,103,21.97,-,-,-,3012.96,581341,103,1346398
SOUTHBANK,EQ,-,-,13.60,0.15,1.12,13.45,4540,0.62,-,-,-,3012.96,581341,4540,1346398
M&MFIN,EQ,19-Jul-2018, ANNUAL GENERAL MEETING/DIVIDEND - RS 4 PER SHARE,375.00,4.15,1.12,370.85,4330,16.24,-,-,-,3012.96,581341,4330,1346398
MANAPPURAM,EQ,23-Aug-2018, INTERIM DIVIDEND- RE 0.55 PER SHARE,70.25,0.75,1.08,69.50,2984,2.10,-,-,-,3012.96,581341,2984,1346398
SRTRANSFIN,EQ,18-Jul-2018, ANNUAL GENERAL MEETING/DIVIDEND RS 6/- PER SHARE,966.00,10.15,1.06,955.85,3049,29.45,-,-,-,3012.96,581341,3049,1346398
BALRAMCHIN,EQ,23-Aug-2018, ANNUAL GENERAL MEETING,85.90,0.90,1.06,85.00,14935,12.83,-,-,-,3012.96,581341,14935,1346398
GRANULES,EQ,29-Aug-2018, ANNUAL GENERAL MEETING/DIVIDEND- RE 0.25 PER SHARE,92.65,0.95,1.04,91.70,1850,1.71,-,-,-,3012.96,581341,1850,1346398
INDIACEM,EQ,11-Sep-2018, ANNUAL GENERAL MEETING/DIVIDEND- RE 0.80 PER SHARE,91.70,-0.90,-0.97,92.60,10701,9.81,-,-,-,3012.96,581341,10701,1346398
EXIDEIND,EQ,25-Jul-2018, ANNUAL GENERAL MEETING / DIVIDEND- RE 0.80 PER SHARE,240.10,-2.35,-0.97,242.45,1633,3.92,-,-,-,3012.96,581341,1633,1346398
RAMCOCEM,EQ,26-Jul-2018, ANNUAL GENERAL MEETING / DIVIDEND- RS 3 PER SHARE,597.05,-5.50,-0.91,602.55,40,0.24,-,-,-,3012.96,581341,40,1346398
COALINDIA,EQ,04-Sep-2018, ANNUAL GENERAL MEETING,271.50,-2.45,-0.89,273.95,1451,3.94,-,-,-,3012.96,581341,1451,1346398
HCLTECH,EQ,10-Sep-2018, ANNUAL GENERAL MEETING,1059.00,-9.40,-0.88,1068.40,2197,23.27,-,-,-,3012.96,581341,2197,1346398
IFCI,EQ,19-Sep-2018, ANNUAL GENERAL MEETING,12.05,-0.10,-0.82,12.15,1530,0.18,-,-,-,3012.96,581341,1530,1346398
OIL,EQ,12-Sep-2018, ANNUAL GENERAL MEETING/DIVIDEND RE 1 PER SHARE,193.00,-1.55,-0.80,194.55,254,0.49,-,-,-,3012.96,581341,254,1346398
BERGEPAINT,EQ,26-Jul-2018, ANNUAL GENERAL MEETING/DIVIDEND- RS 1.80 PER SHARE,270.55,-2.15,-0.79,272.70,294,0.80,-,-,-,3012.96,581341,294,1346398
MRF,EQ,01-Aug-2018, ANNUAL GENERAL MEETING/DIVIDEND- RS 54 PER SHARE,61521.00,-476.30,-0.77,61997.30,21,12.92,-,-,-,3012.96,581341,21,1346398
ACC,EQ,-,-,1455.10,-10.75,-0.73,1465.85,933,13.58,-,-,-,3012.96,581341,933,1346398
REPCOHOME,EQ,17-Sep-2018, DIVIDEND- RS 2.20 PER SHARE,365.25,-2.65,-0.72,367.90,390,1.42,-,-,-,3012.96,581341,390,1346398
PAGEIND,EQ,23-Aug-2018, INTERIM DIVIDEND- RS 41 PER SHARE (PURPOSE REVISED),28912.20,-210.60,-0.72,29122.80,17,4.92,-,-,-,3012.96,581341,17,1346398
TATACOMM,EQ,01-Aug-2018, DIVIDEND- RS 4.50 PER SHARE,473.20,-3.40,-0.71,476.60,34,0.16,-,-,-,3012.96,581341,34,1346398
APOLLOHOSP,EQ,12-Sep-2018, ANNUAL GENERAL MEETING/DIVIDEND- RS 5 PER SHARE,1091.00,-7.70,-0.70,1098.70,140,1.53,-,-,-,3012.96,581341,140,1346398
TATAGLOBAL,EQ,-,-,215.00,-1.50,-0.69,216.50,913,1.96,-,-,-,3012.96,581341,913,1346398
AMARAJABAT,EQ,02-Aug-2018, ANNUAL GENERAL MEETING / DIVIDEND- RS 2.15 PER SHARE,729.00,-5.10,-0.69,734.10,266,1.94,-,-,-,3012.96,581341,266,1346398
ESCORTS,EQ,23-Aug-2018, DIVIDEND-RS 2 PER SHARE,564.00,-3.80,-0.67,567.80,1042,5.88,-,-,-,3012.96,581341,1042,1346398
TATACHEM,EQ,16-Jul-2018, ANNUAL GENERAL MEETING/FINAL DIVIDEND- RS 11 PER SHARE/ SPECIAL DIVIDEND- RS 11 PER SHARE,631.50,-4.25,-0.67,635.75,119,0.75,-,-,-,3012.96,581341,119,1346398
BRITANNIA,EQ,27-Jul-2018, ANNUAL GENERAL MEETING / DIVIDEND- RS 25 PER SHARE,5475.00,-36.25,-0.66,5511.25,76,4.16,-,-,-,3012.96,581341,76,1346398
TORNTPHARM,EQ,-,-,1585.00,-10.05,-0.63,1595.05,311,4.93,-,-,-,3012.96,581341,311,1346398
IDEA,EQ,-,-,34.25,-0.20,-0.58,34.45,25709,8.81,-,-,-,3012.96,581341,25709,1346398
TECHM,EQ,26-Jul-2018, ANNUAL GENERAL MEETING/DIVIDEND- RS 14 PER SHARE,692.10,-4.00,-0.57,696.10,2004,13.87,-,-,-,3012.96,581341,2004,1346398
KSCL,EQ,17-Sep-2018, ANNUAL GENERAL MEETING,479.00,-2.60,-0.54,481.60,873,4.18,-,-,-,3012.96,581341,873,1346398
UNIONBANK,EQ,-,-,65.40,-0.35,-0.53,65.75,6522,4.27,-,-,-,3012.96,581341,6522,1346398
SBIN,EQ,-,-,261.60,-1.35,-0.51,262.95,59698,156.17,-,-,-,3012.96,581341,59698,1346398
TITAN,EQ,23-Jul-2018, ANNUAL GENERAL MEETING/DIVIDEND- RS 3.75 PER SHARE,746.00,-3.50,-0.47,749.50,9549,71.24,-,-,-,3012.96,581341,9549,1346398
STAR,EQ,12-Sep-2018, ANNUAL GENERAL MEETING/DIVIDEND RS 2 PER SHARE,426.60,-1.75,-0.41,428.35,1668,7.12,-,-,-,3012.96,581341,1668,1346398
WIPRO,EQ,13-Jul-2018, ANNUAL GENERAL MEETING,320.40,-1.25,-0.39,321.65,2673,8.56,-,-,-,3012.96,581341,2673,1346398
ONGC,EQ,19-Sep-2018, DIVIDEND RS 1.35 PER SHARE,146.10,-0.55,-0.38,146.65,7605,11.11,-,-,-,3012.96,581341,7605,1346398
DALMIABHA,EQ,-,-,2069.90,-6.65,-0.32,2076.55,21,0.43,-,-,-,3012.96,581341,21,1346398
TV18BRDCST,EQ,10-Aug-2018, ANNUAL GENERAL MEETING,33.30,-0.10,-0.30,33.40,3022,1.01,-,-,-,3012.96,581341,3022,1346398
AMBUJACEM,EQ,-,-,204.10,-0.60,-0.29,204.70,2803,5.72,-,-,-,3012.96,581341,2803,1346398
IDFC,EQ,23-Jul-2018, DIVIDEND- RE 0.75 PER SHARE,36.60,-0.10,-0.27,36.70,3242,1.19,-,-,-,3012.96,581341,3242,1346398
BOSCHLTD,EQ,-,-,18400.00,-44.45,-0.24,18444.45,2,0.37,-,-,-,3012.96,581341,2,1346398
RELINFRA,EQ,12-Sep-2018, ANNUAL GENERAL MEETING/DIVIDEND RS 9.50 PER SHARE,295.00,-0.65,-0.22,295.65,2031,5.99,-,-,-,3012.96,581341,2031,1346398
TORNTPOWER,EQ,-,-,227.00,-0.45,-0.20,227.45,460,1.04,-,-,-,3012.96,581341,460,1346398
POWERGRID,EQ,10-Sep-2018, ANNUAL GENERAL MEETING/DIVIDEND RS 2.80 PER SHARE,186.20,-0.35,-0.19,186.55,715,1.33,-,-,-,3012.96,581341,715,1346398
HAVELLS,EQ,-,-,563.00,-0.85,-0.15,563.85,954,5.37,-,-,-,3012.96,581341,954,1346398
BANKINDIA,EQ,-,-,75.30,-0.10,-0.13,75.40,2157,1.62,-,-,-,3012.96,581341,2157,1346398
NESTLEIND,EQ,10-Aug-2018, INTERIM DIVIDEND RS 20 PER SHARE,9480.05,-11.90,-0.13,9491.95,27,2.56,-,-,-,3012.96,581341,27,1346398
CUMMINSIND,EQ,02-Aug-2018, ANNUAL GENERAL MEETING/DIVIDEND- RS 10 PER SHARE,665.05,-0.80,-0.12,665.85,163,1.08,-,-,-,3012.96,581341,163,1346398
CASTROLIND,EQ,09-Aug-2018, INTERIM DIVIDEND RS - 2.25 PER SHARE,137.35,-0.15,-0.11,137.50,1028,1.41,-,-,-,3012.96,581341,1028,1346398
CANBK,EQ,18-Jul-2018, ANNUAL GENERAL MEETING,216.00,-0.20,-0.09,216.20,2129,4.60,-,-,-,3012.96,581341,2129,1346398
DIVISLAB,EQ,31-Aug-2018, ANNUAL GENERAL MEETING/DIVIDEND- RS 10 PER SHARE,1247.00,-1.05,-0.08,1248.05,582,7.26,-,-,-,3012.96,581341,582,1346398
GSFC,EQ,11-Sep-2018, DIVIDEND RS 2.2 PER SHARE,88.45,-0.05,-0.06,88.50,1511,1.34,-,-,-,3012.96,581341,1511,1346398
JINDALSTEL,EQ,19-Sep-2018, ANNUAL GENERAL MEETING,175.00,-0.10,-0.06,175.10,7488,13.10,-,-,-,3012.96,581341,7488,1346398
COLPAL,EQ,18-Jul-2018, ANNUAL GENERAL MEETING,1049.55,-0.20,-0.02,1049.75,223,2.34,-,-,-,3012.96,581341,223,1346398
ADANIPORTS,EQ,26-Jul-2018, ANNUAL GENERAL MEETING/DIVIDEND- RS 2 PER SHARE,318.70,-0.05,-0.02,318.75,2802,8.93,-,-,-,3012.96,581341,2802,1346398
GRASIM,EQ,31-Aug-2018, DIVIDEND RS 6.20 PER SHARE,902.00,-0.05,-0.01,902.05,589,5.31,-,-,-,3012.96,581341,589,1346398
DLF,EQ,12-Sep-2018, ANNUAL GENERAL MEETING/DIVIDEND RE 0.80 PER SHARE (PURPOSE REVISED),155.00,1.50,0.98,153.50,7482,11.60,-,-,-,3012.96,581341,7482,1346398
CANFINHOME,EQ,-,-,236.50,2.25,0.96,234.25,7471,17.67,-,-,-,3012.96,581341,7471,1346398
EQUITAS,EQ,19-Jul-2018, ANNUAL GENERAL MEETING,115.20,1.10,0.96,114.10,3407,3.92,-,-,-,3012.96,581341,3407,1346398
PIDILITIND,EQ,21-Aug-2018, ANNUAL GENERAL MEETING/DIVIDEND- RS 6 PER SHARE,923.00,8.75,0.96,914.25,443,4.09,-,-,-,3012.96,581341,443,1346398
TATAMTRDVR,EQ,-,-,102.50,0.95,0.94,101.55,4833,4.95,-,-,-,3012.96,581341,4833,1346398
BHEL,EQ,11-Sep-2018, ANNUAL GENERAL MEETING/DIVIDEND- RS 1.02 PER SHARE,70.90,0.65,0.93,70.25,7857,5.57,-,-,-,3012.96,581341,7857,1346398
SUZLON,EQ,19-Jul-2018, ANNUAL GENERAL MEETING,5.40,0.05,0.93,5.35,31900,1.72,-,-,-,3012.96,581341,31900,1346398
RAYMOND,EQ,-,-,606.00,5.55,0.92,600.45,485,2.94,-,-,-,3012.96,581341,485,1346398
HEROMOTOCO,EQ,-,-,2918.00,26.25,0.91,2891.75,614,17.92,-,-,-,3012.96,581341,614,1346398
VOLTAS,EQ,03-Aug-2018, ANNUAL GENERAL MEETING / DIVIDEND- RS 4 PER SHARE,489.00,4.35,0.90,484.65,956,4.67,-,-,-,3012.96,581341,956,1346398
TATAMOTORS,EQ,-,-,186.00,1.65,0.90,184.35,47184,87.76,-,-,-,3012.96,581341,47184,1346398
UJJIVAN,EQ,-,-,234.75,2.10,0.90,232.65,1121,2.63,-,-,-,3012.96,581341,1121,1346398
ENGINERSIN,EQ,11-Sep-2018, ANNUAL GENERAL MEETING/DIVIDEND RS 1.50 PER SHARE,103.00,0.90,0.88,102.10,4346,4.48,-,-,-,3012.96,581341,4346,1346398
CHOLAFIN,EQ,18-Jul-2018, ANNUAL GENERAL MEETING / DIVIDEND- RS 2 PER SHARE,1073.75,9.20,0.86,1064.55,1598,17.16,-,-,-,3012.96,581341,1598,1346398
RECLTD,EQ,17-Sep-2018, DIVIDEND RS 1.75 PER SHARE,100.00,0.85,0.86,99.15,2714,2.71,-,-,-,3012.96,581341,2714,1346398
IGL,EQ,14-Sep-2018, ANNUAL GENERAL MEETING/DIVIDEND RS 2 PER SHARE,226.00,1.90,0.85,224.10,326,0.74,-,-,-,3012.96,581341,326,1346398
RBLBANK,EQ,26-Jul-2018, ANNUAL GENERAL MEETING/DIVIDEND- RS 2.10 PER SHARE,504.00,4.25,0.85,499.75,208,1.05,-,-,-,3012.96,581341,208,1346398
HINDPETRO,EQ,-,-,172.65,1.40,0.82,171.25,10062,17.37,-,-,-,3012.96,581341,10062,1346398
PETRONET,EQ,06-Sep-2018, ANNUAL GENERAL MEETING/DIVIDEND RS 4.50 PER SHARE,213.55,1.70,0.80,211.85,2027,4.33,-,-,-,3012.96,581341,2027,1346398
MRPL,EQ,-,-,63.95,0.50,0.79,63.45,293,0.19,-,-,-,3012.96,581341,293,1346398
BEML,EQ,19-Sep-2018, ANNUAL GENERAL MEETING/DIVIDEND- RS 8 PER SHARE,549.70,4.25,0.78,545.45,725,3.99,-,-,-,3012.96,581341,725,1346398
NMDC,EQ,18-Sep-2018, ANNUAL GENERAL MEETING,108.00,0.80,0.75,107.20,1807,1.95,-,-,-,3012.96,581341,1807,1346398
RELCAPITAL,EQ,12-Sep-2018, ANNUAL GENERAL MEETING/DIVIDEND RS 11 PER SHARE,238.50,1.75,0.74,236.75,8423,20.09,-,-,-,3012.96,581341,8423,1346398
CGPOWER,EQ,-,-,40.95,0.30,0.74,40.65,1604,0.66,-,-,-,3012.96,581341,1604,1346398
LICHSGFIN,EQ,09-Aug-2018, ANNUAL GENERAL MEETING / DIVIDEND- RS 6.80 PER SHARE,405.95,3.00,0.74,402.95,1045,4.24,-,-,-,3012.96,581341,1045,1346398
INFRATEL,EQ,19-Jul-2018, DIVIDEND- RS 14 PER SHARE,268.45,1.95,0.73,266.50,2467,6.62,-,-,-,3012.96,581341,2467,1346398
KPIT,EQ,20-Aug-2018, ANNUAL GENERAL MEETING/DIVIDEND- RS 2.40 PER SHARE,201.05,1.45,0.73,199.60,1342,2.70,-,-,-,3012.96,581341,1342,1346398
MARUTI,EQ,14-Aug-2018, DIVIDEND RS 80/- PER SHARE,6748.00,48.55,0.72,6699.45,1790,120.79,-,-,-,3012.96,581341,1790,1346398
NIITTECH,EQ,12-Sep-2018, DIVIDEND RS 15 PER SHARE,1124.95,7.90,0.71,1117.05,398,4.48,-,-,-,3012.96,581341,398,1346398
FEDERALBNK,EQ,02-Aug-2018, ANNUAL GENERAL MEETING/DIVIDEND- RE 1 PER SHARE,71.25,0.50,0.71,70.75,6277,4.47,-,-,-,3012.96,581341,6277,1346398
LUPIN,EQ,30-Jul-2018, ANNUAL GENERAL MEETING/DIVIDEND RS 5/- PER SHARE,874.95,6.05,0.70,868.90,3304,28.91,-,-,-,3012.96,581341,3304,1346398
KAJARIACER,EQ,16-Aug-2018, ANNUAL GENERAL MEETING/DIVIDEND RS - 3 PER SHARE,342.15,2.35,0.69,339.80,472,1.61,-,-,-,3012.96,581341,472,1346398
IRB,EQ,27-Aug-2018, ANNUAL GENERAL MEETING,125.95,0.85,0.68,125.10,1226,1.54,-,-,-,3012.96,581341,1226,1346398
AUROPHARMA,EQ,21-Aug-2018, ANNUAL GENERAL MEETING,772.00,5.25,0.68,766.75,6165,47.59,-,-,-,3012.96,581341,6165,1346398
BPCL,EQ,31-Aug-2018, ANNUAL GENERAL MEETING/DIVIDEND RS- 7 PER SHARE,258.90,1.70,0.66,257.20,7281,18.85,-,-,-,3012.96,581341,7281,1346398
PTC,EQ,29-Aug-2018, ANNUAL GENERAL MEETING/DIVIDEND RS 4 PER SHARE,68.60,0.45,0.66,68.15,50,0.03,-,-,-,3012.96,581341,50,1346398
OFSS,EQ,06-Aug-2018, ANNUAL GENERAL MEETING/DIVIDEND- RS 130 PER SHARE,3981.45,26.10,0.66,3955.35,37,1.47,-,-,-,3012.96,581341,37,1346398
GMRINFRA,EQ,11-Sep-2018, ANNUAL GENERAL MEETING,15.80,0.10,0.64,15.70,8617,1.36,-,-,-,3012.96,581341,8617,1346398
SHREECEM,EQ,20-Jul-2018, DIVIDEND- RS 30 PER SHARE,15844.60,100.00,0.64,15744.60,1,0.16,-,-,-,3012.96,581341,1,1346398
GLENMARK,EQ,19-Sep-2018, ANNUAL GENERAL MEETING/DIVIDEND RS 2 PER SHARE,593.85,3.70,0.63,590.15,463,2.75,-,-,-,3012.96,581341,463,1346398
WOCKPHARMA,EQ,25-Jul-2018, ANNUAL GENERAL MEETING,495.00,3.05,0.62,491.95,1237,6.12,-,-,-,3012.96,581341,1237,1346398
RPOWER,EQ,12-Sep-2018, ANNUAL GENERAL MEETING,24.80,0.15,0.61,24.65,18588,4.61,-,-,-,3012.96,581341,18588,1346398
CENTURYTEX,EQ,20-Jul-2018, ANNUAL GENERAL MEETING / DIVIDEND- RS 6.50 PER SHARE,742.80,4.45,0.60,738.35,105,0.78,-,-,-,3012.96,581341,105,1346398
GAIL,EQ,30-Aug-2018, ANNUAL GENERAL MEETING/DIVIDEND- RS 1.44 PER SHARE,335.45,1.95,0.58,333.50,434,1.46,-,-,-,3012.96,581341,434,1346398
TATAPOWER,EQ,-,-,61.30,0.35,0.57,60.95,16545,10.14,-,-,-,3012.96,581341,16545,1346398
DABUR,EQ,-,-,394.65,2.25,0.57,392.40,1654,6.53,-,-,-,3012.96,581341,1654,1346398
VEDL,EQ,14-Aug-2018, ANNUAL GENERAL MEETING,213.30,1.20,0.57,212.10,29568,63.07,-,-,-,3012.96,581341,29568,1346398
UBL,EQ,07-Sep-2018, ANNUAL GENERAL MEETING/DIVIDEND- RS 2/- PER SHARE,1170.00,6.40,0.55,1163.60,432,5.05,-,-,-,3012.96,581341,432,1346398
BANKBARODA,EQ,-,-,93.75,0.50,0.54,93.25,26849,25.17,-,-,-,3012.96,581341,26849,1346398
GODFRYPHLP,EQ,17-Sep-2018, ANNUAL GENERAL MEETING/DIVIDEND- RS 8 PER SHARE,684.90,3.60,0.53,681.30,124,0.85,-,-,-,3012.96,581341,124,1346398
PCJEWELLER,EQ,19-Sep-2018, ANNUAL GENERAL MEETING/DIVIDEND RE 0.50 PER SHARE,57.00,0.30,0.53,56.70,4901,2.79,-,-,-,3012.96,581341,4901,1346398
MUTHOOTFIN,EQ,19-Sep-2018, ANNUAL GENERAL MEETING,375.00,1.95,0.52,373.05,642,2.41,-,-,-,3012.96,581341,642,1346398
ITC,EQ,-,-,269.90,1.40,0.52,268.50,7107,19.18,-,-,-,3012.96,581341,7107,1346398
BIOCON,EQ,19-Jul-2018, DIVIDEND- RE 1 PER SHARE,590.10,2.95,0.50,587.15,1129,6.66,-,-,-,3012.96,581341,1129,1346398
ICICIPRULI,EQ,-,-,318.50,1.55,0.49,316.95,573,1.83,-,-,-,3012.96,581341,573,1346398
LT,EQ,-,-,1227.00,5.95,0.49,1221.05,3937,48.31,-,-,-,3012.96,581341,3937,1346398
BATAINDIA,EQ,-,-,870.05,4.20,0.49,865.85,735,6.39,-,-,-,3012.96,581341,735,1346398
BAJAJFINSV,EQ,-,-,5455.00,25.90,0.48,5429.10,250,13.64,-,-,-,3012.96,581341,250,1346398
JISLJALEQS,EQ,12-Sep-2018, ANNUAL GENERAL MEETING/DIVIDEND- RE 1 PER SHARE,63.50,0.30,0.47,63.20,1598,1.01,-,-,-,3012.96,581341,1598,1346398
PFC,EQ,30-Aug-2018, ANNUAL GENERAL MEETING,74.50,0.35,0.47,74.15,769,0.57,-,-,-,3012.96,581341,769,1346398
KOTAKBANK,EQ,-,-,1113.50,5.05,0.46,1108.45,425,4.73,-,-,-,3012.96,581341,425,1346398
CHENNPETRO,EQ,14-Aug-2018, ANNUAL GENERAL MEETING/DIVIDEND RS- 18.50 per share,227.00,1.05,0.46,225.95,423,0.96,-,-,-,3012.96,581341,423,1346398
NHPC,EQ,12-Sep-2018, DIVIDEND- RE 0.28 PER SHARE,22.70,0.10,0.44,22.60,5516,1.25,-,-,-,3012.96,581341,5516,1346398
DRREDDY,EQ,16-Jul-2018, ANNUAL GENERAL MEETING/DIVIDEND- RS 20 PER SHARE,2465.00,10.85,0.44,2454.15,2003,49.37,-,-,-,3012.96,581341,2003,1346398
ADANIENT,EQ,06-Sep-2018, SCHEME OF ARRANGEMENT,136.50,0.60,0.44,135.90,4375,5.97,-,-,-,3012.96,581341,4375,1346398
BAJAJ-AUTO,EQ,-,-,2560.00,11.15,0.44,2548.85,200,5.12,-,-,-,3012.96,581341,200,1346398
M&M,EQ,-,-,768.00,3.20,0.42,764.80,1135,8.72,-,-,-,3012.96,581341,1135,1346398
SUNTV,EQ,20-Aug-2018, INTERIM DIVIDEND-RS 5 PER SHARE (PURPOSE REVISED),613.20,2.50,0.41,610.70,565,3.46,-,-,-,3012.96,581341,565,1346398
VGUARD,EQ,23-Jul-2018, ANNUAL GENERAL MEETING/DIVIDEND- RE 0.70 PER SHARE,165.35,0.65,0.39,164.70,835,1.38,-,-,-,3012.96,581341,835,1346398
TCS,EQ,14-Aug-2018, BUYBACK,2100.00,8.20,0.39,2091.80,3456,72.58,-,-,-,3012.96,581341,3456,1346398
SRF,EQ,14-Aug-2018, INTERIM DIVIDEND- RS 6 PER SHARE (PURPOSE REVISED),1705.50,6.30,0.37,1699.20,253,4.31,-,-,-,3012.96,581341,253,1346398
ASIANPAINT,EQ,-,-,1205.90,4.50,0.37,1201.40,1533,18.49,-,-,-,3012.96,581341,1533,1346398
SIEMENS,EQ,-,-,895.00,3.15,0.35,891.85,265,2.37,-,-,-,3012.96,581341,265,1346398
RELIANCE,EQ,-,-,1093.90,3.85,0.35,1090.05,15108,165.27,-,-,-,3012.96,581341,15108,1346398
ZEEL,EQ,-,-,434.25,1.45,0.34,432.80,9180,39.86,-,-,-,3012.96,581341,9180,1346398
HINDALCO,EQ,12-Sep-2018, DIVIDEND- RS 1.20 PER SHARE,225.00,0.75,0.33,224.25,3770,8.48,-,-,-,3012.96,581341,3770,1346398
ARVIND,EQ,21-Aug-2018, ANNUAL GENERAL MEETING/DIVIDEND RS - 2.40/ per share,301.00,0.95,0.32,300.05,1340,4.03,-,-,-,3012.96,581341,1340,1346398
JUSTDIAL,EQ,-,-,427.00,1.35,0.32,425.65,4966,21.20,-,-,-,3012.96,581341,4966,1346398
CEATLTD,EQ,-,-,1061.05,3.40,0.32,1057.65,425,4.51,-,-,-,3012.96,581341,425,1346398
INFY,EQ,04-Sep-2018, BONUS 1:1,719.90,2.15,0.30,717.75,1676,12.07,-,-,-,3012.96,581341,1676,1346398
BHARATFORG,EQ,27-Jul-2018, ANNUAL GENERAL MEETING/DIVIDEND- RS 2.50 PER SHARE,566.45,1.65,0.29,564.80,446,2.53,-,-,-,3012.96,581341,446,1346398
IOC,EQ,20-Aug-2018, DIVIDEND RS 2 PER SHARE,123.00,0.35,0.29,122.65,6049,7.44,-,-,-,3012.96,581341,6049,1346398
ICICIBANK,EQ,24-Aug-2018, DIVIDEND- RS 1.50 PER SHARE (DATE REVISED),307.10,0.85,0.28,306.25,7563,23.23,-,-,-,3012.96,581341,7563,1346398
GODREJCP,EQ,12-Sep-2018, BONUS 1:2,671.00,1.90,0.28,669.10,1289,8.65,-,-,-,3012.96,581341,1289,1346398
HDFC,EQ,19-Jul-2018, DIVIDEND- RS 16.50 PER SHARE,1717.40,4.65,0.27,1712.75,1476,25.35,-,-,-,3012.96,581341,1476,1346398
CONCOR,EQ,11-Sep-2018, DIVIDEND- RS 3.75 PER SHARE,600.00,1.55,0.26,598.45,61,0.37,-,-,-,3012.96,581341,61,1346398
BHARATFIN,EQ,18-Jul-2018, ANNUAL GENERAL MEETING,999.00,2.55,0.26,996.45,102,1.02,-,-,-,3012.96,581341,102,1346398
ORIENTBANK,EQ,-,-,60.20,0.15,0.25,60.05,1396,0.84,-,-,-,3012.96,581341,1396,1346398
INDUSINDBK,EQ,18-Jul-2018, ANNUAL GENERAL MEETING / DIVIDEND- RS 7.50 PER SHARE (DATE REVISED),1612.00,4.10,0.25,1607.90,107,1.72,-,-,-,3012.96,581341,107,1346398
CAPF,EQ,-,-,452.20,1.15,0.25,451.05,177,0.80,-,-,-,3012.96,581341,177,1346398
PNB,EQ,10-Sep-2018, ANNUAL GENERAL MEETING,62.80,0.15,0.24,62.65,22089,13.87,-,-,-,3012.96,581341,22089,1346398
HDFCBANK,EQ,-,-,1945.00,4.40,0.23,1940.60,3251,63.23,-,-,-,3012.96,581341,3251,1346398
BALKRISIND,EQ,20-Aug-2018, INTERIM DIVIDEND- RS 2 PER SHARE (PURPOSE REVISED),984.20,2.10,0.21,982.10,640,6.30,-,-,-,3012.96,581341,640,1346398
AXISBANK,EQ,-,-,553.95,1.10,0.20,552.85,5415,30.00,-,-,-,3012.96,581341,5415,1346398
HINDZINC,EQ,23-Aug-2018, ANNUAL GENERAL MEETING,274.00,0.55,0.20,273.45,1050,2.88,-,-,-,3012.96,581341,1050,1346398
MCDOWELL-N,EQ,30-Aug-2018, ANNUAL GENERAL MEETING,463.05,0.85,0.18,462.20,632,2.93,-,-,-,3012.96,581341,632,1346398
IDBI,EQ,03-Aug-2018, ANNUAL GENERAL MEETING,58.90,0.10,0.17,58.80,21667,12.76,-,-,-,3012.96,581341,21667,1346398
JSWSTEEL,EQ,-,-,372.00,0.60,0.16,371.40,1881,7.00,-,-,-,3012.96,581341,1881,1346398
UPL,EQ,09-Aug-2018, ANNUAL GENERAL MEETING/DIVIDEND- RS 8 PER SHARE,605.00,0.90,0.15,604.10,534,3.23,-,-,-,3012.96,581341,534,1346398
KTKBANK,EQ,-,-,97.60,0.15,0.15,97.45,4992,4.87,-,-,-,3012.96,581341,4992,1346398
ALBK,EQ,-,-,33.90,0.05,0.15,33.85,10150,3.44,-,-,-,3012.96,581341,10150,1346398
DCBBANK,EQ,-,-,143.50,0.20,0.14,143.30,593,0.85,-,-,-,3012.96,581341,593,1346398
INDIANB,EQ,-,-,226.00,0.30,0.13,225.70,538,1.22,-,-,-,3012.96,581341,538,1346398
TATASTEEL,EQ,-,-,573.15,0.65,0.11,572.50,7997,45.83,-,-,-,3012.96,581341,7997,1346398
APOLLOTYRE,EQ,18-Jul-2018, DIVIDEND-RS 3 PER SHARE,201.60,0.20,0.10,201.40,966,1.95,-,-,-,3012.96,581341,966,1346398
ASHOKLEY,EQ,-,-,110.90,0.05,0.05,110.85,15290,16.96,-,-,-,3012.96,581341,15290,1346398
SUNPHARMA,EQ,17-Sep-2018, ANNUAL GENERAL MEETING/DIVIDEND RS 2 PER SHARE,610.00,0.25,0.04,609.75,2367,14.44,-,-,-,3012.96,581341,2367,1346398
MARICO,EQ,-,-,294.70,0.10,0.03,294.60,1509,4.45,-,-,-,3012.96,581341,1509,1346398
MCX,EQ,23-Aug-2018, ANNUAL GENERAL MEETING/DIVIDEND- RS 17 PER SHARE,669.00,0.15,0.02,668.85,1409,9.43,-,-,-,3012.96,581341,1409,1346398
MGL,EQ,07-Sep-2018, ANNUAL GENERAL MEETING/DIVIDEND RS 11/- PER SHARE,792.20,0.05,0.01,792.15,113,0.90,-,-,-,3012.96,581341,113,1346398
IDFCBANK,EQ,23-Jul-2018, DIVIDEND RE 0.75 PER SHARE,33.60,0.00,0.00,33.60,19750,6.64,-,-,-,3012.96,581341,19750,1346398
JUBLFOOD,EQ,18-Sep-2018, ANNUAL GENERAL MEETING/DIVIDEND- RS 2.50 PER SHARE,1153.40,0.00,0.00,1153.40,1164,13.43,-,-,-,3012.96,581341,1164,1346398
NTPC,EQ,06-Sep-2018, DIVIDEND RS 2.39 PER SHARE,161.70,0.00,0.00,161.70,2194,3.55,-,-,-,3012.96,581341,2194,1346398
PVR,EQ,18-Sep-2018, ANNUAL GENERAL MEETING/DIVIDEND-RS 2 PER SHARE,1208.00,0.00,0.00,1208.00,64,0.77,-,-,-,3012.96,581341,64,1346398
TATAELXSI,EQ,16-Jul-2018, ANNUAL GENERAL MEETING/DIVIDEND- RS 11 PER SHARE,968.20,0.00,0.00,968.20,459,4.44,-,-,-,3012.96,581341,459,1346398
SYNDIBANK,EQ,-,-,29.80,0.00,0.00,29.80,2600,0.77,-,-,-,3012.96,581341,2600,1346398
JPASSOCIAT,EQ,-,-,6.30,0.00,0.00,6.30,76706,4.83,-,-,-,3012.96,581341,76706,1346398
CESC,EQ,-,-,836.00,0.00,0.00,836.00,21,0.18,-,-,-,3012.96,581341,21,1346398
ULTRACEMCO,EQ,-,-,3782.00,0.00,0.00,3782.00,64,2.42,-,-,-,3012.96,581341,64,1346398
HEXAWARE,EQ,02-Aug-2018, INTERIM DIVIDEND- RS 2.50 PER SHARE,390.90,0.00,0.00,390.90,2164,8.46,-,-,-,3012.96,581341,2164,1346398
CIPLA,EQ,13-Aug-2018, ANNUAL GENERAL MEETING/DIVIDEND- RS 3 PER SHARE,639.35,0.00,0.00,639.35,404,2.58,-,-,-,3012.96,581341,404,1346398
CADILAHC,EQ,31-Jul-2018, ANNUAL GENERAL MEETING/DIVIDEND- RS 3.50 PER SHARE (PURPOSE REVISED),380.95,0.00,0.00,380.95,485,1.85,-,-,-,3012.96,581341,485,1346398
HINDUNILVR,EQ,-,-,1512.50,0.05,0.00,1512.45,777,11.75,-,-,-,3012.96,581341,777,1346398
ADANIPOWER,EQ,26-Jul-2018, ANNUAL GENERAL MEETING,23.95,0.00,0.00,23.95,24598,5.89,-,-,-,3012.96,581341,24598,1346398
BHARTIARTL,EQ,02-Aug-2018, ANNUAL GENERAL MEETING/DIVIDEND RS 2.50 PER SHARE,289.00,0.00,0.00,289.00,3374,9.75,-,-,-,3012.96,581341,3374,1346398